jurisdiction,country,portal,url,platform,public_view,machine_access,robots,terms_quote,terms_url,open_bids_now,facilities_share,verdict,notes
North Carolina (state + UNC + community colleges + school boards + counties + towns),US,NC electronic Vendor Portal (eVP),https://evp.nc.gov/solicitations/,Microsoft Power Pages,"yes, no login","page's own unauthenticated grid call (/_services/entity-grid-data.json, Open status filter, 50/page; 6 requests/day)","robots.txt 404 (no rules)","eVP Terms of Use (July 2023, 4 pp., read in full): service/registration/as-is terms only; no clause on copying, reuse, scraping or automated access. Notices are public records (N.C.G.S. ch. 132).",https://eprocurement.nc.gov/evp-terms-use/open,259 open (2026-10-08),"67 by keyword (26%); 36 after PMRFP trade filter",GREEN - BUILT,"Importer src/lib/tenders/nc-evp.ts, cron /api/cron/us-local-tenders. Top posters: City of Raleigh 30, UNC System Office D&C 24, Asheville 15, Adult Correction 11, Mecklenburg 10, Charlotte 8, Cary 8. Links to evp.nc.gov/solicitations/details/?id=. Contacts left on the official notice. Support: vendor@nc.gov."
South Carolina (state + universities + tech colleges + school districts + counties + towns + housing authorities),US,South Carolina Business Opportunities (SCBO) online edition,https://scbo.sc.gov/online-edition,Backdrop/Drupal HTML,"yes, no login",none (server-rendered HTML category pages; one per category per day),"robots.txt: Crawl-delay 10; disallows /search, /admin, /user/* only - /online-edition and /printad allowed","Division of Procurement Services disclaimer: 'data on this site is provided as is without any warranty of any kind' - warranty/liability only, no reuse restriction.",https://procurement.sc.gov/disclaimer,"558 ads in 2026-10-08 edition; 291 future-dated in Construction (121) + Maintenance/Repair (23) + Minor Construction (20) + Services (127)","118 by keyword; 64 after PMRFP trade filter (roads/water/sewer dropped)",GREEN - BUILT,"Importer src/lib/tenders/scbo.ts, own cron /api/cron/sc-tenders (10 s crawl delay honoured, ~40 s/run). Links to scbo.sc.gov/printad?a=ID. Includes agency project coordinator / buyer contact as printed in the ad."
Delaware,US,Delaware Open Data - Open Bids (mirror of mmp.delaware.gov),https://data.delaware.gov/resource/2hnj-zwix.json,Socrata,yes,Socrata SODA API (1 request/day),"data.delaware.gov robots: Crawl-delay 1; disallows /browse filters only","Delaware Open Data Portal Terms of Service: data 'has been determined to be public data'; as-is/no-warranty; no reuse or attribution restriction.",https://opendatacouncil.delaware.gov/open-data-portal-terms-of-service/,45 open (deadline >= 2026-10-09),"13 by keyword; 10 after filter (OMB facility projects: generators, cooling tower, roof, HVAC, sprinkler, renovation)",GREEN - BUILT IN PR #125,"Built in parallel by PR #125 (feat/delaware-open-bids, wired into us-state-tenders); dropped from this PR to avoid a duplicate. My measurement: 10 kept after trade filter. DelDOT rows are road/ROW work. Dataset licence field blank; ToS governs."
Los Angeles (City + LAUSD + HACLA + LAWA + Port + Ontario Airport),US,LA Open Data - RAMP Open Bid Opportunities,https://data.lacity.org/resource/hf3r-utnq.json,Socrata,yes,Socrata SODA API (1 request/day),"data.lacity.org robots: Crawl-delay 1; /browse filters only",Dataset licence: Creative Commons 1.0 Universal (Public Domain Dedication),https://data.lacity.org/d/hf3r-utnq,"260 open (126 tagged Los Angeles County = duplicates of existing LA County feed; 127 Commodity supply buys)","3 after filter (Ontario Airport fire alarm, LAUSD Brockton ES roofing, HACLA balcony upgrades)",GREEN - BUILT,"Importer src/lib/tenders/la-city.ts, cron /api/cron/us-local-tenders. Meets the >=3 bar today; low volume. County rows excluded to avoid duplicate cards. rampla.org itself is a Salesforce login site - we only link to it."
"Montgomery County, MD",US,dataMontgomery - Solicitations,https://data.montgomerycountymd.gov/resource/eeq6-nnwe.json,Socrata,yes,Socrata SODA API,"Crawl-delay 1; /browse filters only",licence field blank; county terms not read (not needed - below threshold),https://data.montgomerycountymd.gov/d/eeq6-nnwe,9 open,"2 (Emergency Generator Services; North Bethesda Fire Station #43 construction)",GREEN-licence / NOT BUILT,Below the >=3 open building bids bar on 2026-10-09. Re-check monthly; easy add (same Socrata pattern).
"Baton Rouge / East Baton Rouge Parish, LA",US,Open Data BR - Bid Openings and Results,https://data.brla.gov/resource/u9zk-8nix.json,Socrata,yes,Socrata SODA API,"Crawl-delay 1",Public Domain,https://data.brla.gov/d/u9zk-8nix,10 future bid dates,"3 (parking garage repair, courthouse janitorial, boiler replacement); rest are streets",GREEN-licence / NOT BUILT,No per-bid URL in the dataset (cannot link back to an official posting) and only at threshold. Revisit if the city adds a link column.
"Baton Rouge, LA",US,Open Data BR - Upcoming Procurement Opportunities,https://data.brla.gov/d/e5pk-us93,Socrata,yes,API,Crawl-delay 1,Public Domain,,164 forecast rows (no closing dates; last update 2025-11-29),n/a,RED (not open bids),Forecast list only; stale.
"Washington, DC",US,DC GIS - Solicitations from PASS,https://maps2.dcgis.dc.gov/dcgis/rest/services/DCGIS_DATA/Government_Operations/MapServer/19,ArcGIS MapServer,yes,ArcGIS REST query,not checked (ArcGIS server),DC open data CC-BY per item metadata (not relied on),,"~15 unique open (28 rows incl. one row per NIGP code)","0-1 (plumbing supplies only)",NOT BUILT,Below bar; mostly IT/health/consulting.
"Scottsdale, AZ",US,Scottsdale Open Data - Purchasing Solicitations,https://maps.scottsdaleaz.gov/arcgis/rest/services/OpenData_Tabular/MapServer/9,ArcGIS MapServer,yes,ArcGIS REST,n/a,n/a,,0 open (latest CloseDate 2023-12-11),n/a,RED (stale),Layer stopped updating in 2023 despite 2026 metadata date.
"Tacoma, WA",US,bidexport1NoMac (ArcGIS Online),https://services3.arcgis.com/SCwJH1pD8WSn5T5y/arcgis/rest/services/bidexport1NoMac/FeatureServer/0,ArcGIS FeatureServer,yes,ArcGIS REST,n/a,disclaimer link only,,0 open (2023 export),n/a,RED (stale),One-off spreadsheet upload.
"Winnipeg, MB",CA,Winnipeg Open Data - Bid Opportunities,https://data.winnipeg.ca/d/rijt-92n4,Socrata,yes,API,n/a,Open Government Licence - Winnipeg,,0 current (last update 2024-10-28),n/a,RED (stale),City now posts via MERX (ruled out).
"Mesa, AZ",US,Mesa Open Data - Purchasing Solicitations,https://citydata.mesaaz.gov/d/dfcn-ivuc,Socrata,yes,API,Crawl-delay 1,See Terms of Use,,1596 rows; no closing-date column,n/a,RED (unusable),Cannot tell open from closed; no close date to show.
New York (SUNY Construction Fund),US,data.ny.gov - SUCF Advertised Procurements,https://data.ny.gov/d/vtxv-3j2b,Socrata,yes,API,n/a,data.ny.gov terms,,1 open (design consultant SOQ),0,NOT BUILT,Consultant (A/E) solicitations only.
"New York City",US,NYC Open Data - Current RFP (bzjf-rmtp),https://data.cityofnewyork.us/d/bzjf-rmtp,Socrata,yes,API,n/a,NYC Open Data ToU,,0 open (last data 2026-09-10),0,NOT BUILT,NYC already imported from The City Record (3khw-qi8f).
"Cambridge, MA",US,Cambridge Open Data - Contracts bid list / Bid List (Historical),https://data.cambridgema.gov/d/gp98-ja4f,Socrata,yes,API,n/a,ODC Public Domain,,"contracts register + historical bids; no closing dates",n/a,RED (not open bids),Shows contracts/upcoming starts only.
Texas (TxDOT),US,data.texas.gov - Official and Unofficial Bid Items,https://data.texas.gov/d/qh8x-rm8r,Socrata,yes,API,n/a,none stated,,"9,673 bid-item rows (highway lettings)",~0,NOT BUILT (civil),Highway maintenance/construction line items.
US (E-Rate),US,USAC FCC Form 470 Open Competitive Bidding,https://datahub.usac.org/d/jp7a-89nd,Socrata,yes,API,n/a,Public Domain,,thousands,~0 (internet/telecom for schools and libraries),NOT BUILT (not trades),Internal-connections cabling is the only overlap; not property trades.
"Cincinnati, OH",US,DCED Properties and RFPs,https://data.cincinnati-oh.gov/d/gubx-p4qi,Socrata,yes,API,n/a,Public Domain,,n/a,0,NOT BUILT,Real-estate disposition RFPs.
Illinois,US,Illinois EDP - Future Solicitations,https://illinois-edp.data.socrata.com/d/6rb8-ntpm,Socrata,yes,API,n/a,none,,forecast,n/a,RED (forecast),Not open bids.
"Cook County, IL",US,Procurement Buying Plan / Intent to Award / Bid Tabulations,https://datacatalog.cookcountyil.gov/,Socrata,yes,API,n/a,Public Domain,,n/a,n/a,ALREADY MAPPED,Awards/tabs already in canada/us maps; not open bids.
California + many local agencies,US,PlanetBids vendor portals,https://vendors.planetbids.com/,PlanetBids SaaS,blocked,none,"robots.txt request served an AWS WAF 'Human Verification' CAPTCHA page",not read (blocked),,unknown,unknown,RED,Bot wall; not circumvented.
Many US cities/counties,US,OpenGov Procurement portals,https://procurement.opengov.com/,OpenGov SaaS (React),yes per agency,undocumented JSON behind SPA,"robots.txt returns the app's 404 page (no rules)",vendor terms not reviewed,,per agency,unknown,YELLOW (vendor),Private vendor platform (like Bonfire); treat as ruled-out unless an agency grants permission.
Many US towns (CivicPlus sites),US,CivicPlus 'Bid Postings' module (Bids.aspx + RSSFeed.aspx),https://www.cityofsanmateo.org/RSSFeed.aspx?ModID=76&CID=All-bids.xml,CivicPlus CMS,yes,RSS per city (module/category ids vary by site),"varies per city; sample (San Mateo) disallows /RSS.aspx listing page but not /RSSFeed.aspx","per-city terms; not reviewed",,"1-5 open per city (sample Ankeny IA: 1)",unknown,NOT BUILT (low yield),"Sample feed returned site pages, not bids (ids differ per site). Would need a hand-verified list of hundreds of towns for modest yield; SCBO/NC eVP already cover many such towns."
US federal catalog,US,catalog.data.gov CKAN API,https://catalog.data.gov/api/3/action/package_search,CKAN,n/a,API 404 (catalog moved),n/a,n/a,,n/a,n/a,n/a,Discovery done via Socrata Discovery API + ArcGIS Hub search instead.
Canada (federal + provinces + Montreal/Quebec),CA,"CKAN searches: open.canada.ca, data.ontario.ca (429), open.alberta.ca, donnees.montreal.ca, donneesquebec.ca",various,CKAN,n/a,API,n/a,n/a,,n/a,n/a,NO NEW SOURCE,Only CanadaBuys / SEAO / Yukon / NS (all already imported) returned live tender datasets.
Method,,"Socrata Discovery API (api.us/eu.socrata.com, 17 queries), ArcGIS Hub search API (12 queries), CKAN package_search (6 portals x 10 queries)",,,,,,,,"195 Socrata + 833 Hub + 98 CKAN hits screened 2026-10-08/09",,,"Measured with live API calls on 2026-10-09; counts are open rows with a future closing date."
